id,mass,arm_length,Ixx,Iyy,Izz,thrust_to_weight,motor_tau_up,motor_tau_down,kappa,wn,zeta,tc_ang_rp,tc_ang_y,tc_rate_rp,tc_rate_y,best_rmse
0,1.8068787001517463,0.18421206116436875,0.01897611919280663,0.01897611919280663,0.03476425036122175,2.5914384289846004,0.08468925782748599,0.055982408718348364,0.008303850411316208,3.0532424449920654,0.6778521537780762,0.1726241111755371,1.0,0.03573291748762131,0.13376782834529877,0.23892627656459808
1,0.24280602741072588,0.08465766890217724,0.0013404458380836136,0.0013404458380836136,0.00245569677536918,4.241123959542206,0.07547591111681878,0.10213102898310457,0.045274718133985266,3.1475272178649902,0.6767789721488953,0.16289068758487701,0.7686764001846313,0.03835182636976242,0.10000000149011612,0.2574154734611511
2,1.3324075076392465,0.17532207418329057,0.04088257710772147,0.04088257710772147,0.07489688126134574,2.201147605783944,0.032846283097090194,0.08311877552649449,0.04105501186209704,2.2773709297180176,0.8556110262870789,0.2221287339925766,0.9756667017936707,0.046413395553827286,0.11521964520215988,0.42408356070518494
3,0.025232263879122013,0.052892003045732945,6.081075444305943e-05,6.081075444305943e-05,0.00011140530213968489,3.2314850480334307,0.06383718416919923,0.20348701871506547,0.03467786359676643,3.0258405208587646,0.7427408695220947,0.17107877135276794,0.6161612272262573,0.03779418021440506,0.10480687767267227,0.24727055430412292
4,1.7228271269887552,0.19604020292502278,0.020458589931303305,0.020458589931303305,0.03748013675414766,4.828116717222557,0.0873788494186617,0.09205272781201604,0.035700311966349464,2.9176840782165527,0.6654196381568909,0.17250728607177734,0.7771453261375427,0.030759237706661224,0.27890002727508545,0.2704951763153076
5,1.811143309755038,0.17897765864148482,0.01862955273025396,0.01862955273025396,0.03412934060182525,4.161156980373367,0.04637232063998076,0.14027210454404918,0.023900919932347577,2.9732563495635986,0.6217326521873474,0.17121478915214539,0.7855992317199707,0.04444939270615578,0.13558144867420197,0.32073965668678284
6,3.7478298989060037,0.2279847556506452,0.06645677779382315,0.06645677779382315,0.12174881691828403,3.5303832763496876,0.09548066755279641,0.2517261691096069,0.01793142959510599,2.4230406284332275,0.662692129611969,0.21740350127220154,0.9893675446510315,0.057079628109931946,0.16882339119911194,0.4348243176937103
7,0.2891786533880796,0.0857502585915267,0.004474023199405405,0.004474023199405405,0.008196410501310702,3.017496348621403,0.07889796519910439,0.16814169311251834,0.02715634064975705,1.9260205030441284,0.7541144490242004,0.26162242889404297,0.9217233657836914,0.06739766895771027,0.10000000149011612,0.5293177962303162
8,4.276590306085849,0.22597159082628007,0.028267018162985144,0.028267018162985144,0.051785177274588784,2.111679799864733,0.036018010369303244,0.16731772267543407,0.03956726843103711,3.1479380130767822,0.6547034382820129,0.16173194348812103,0.6680179238319397,0.030593400821089745,0.13159476220607758,0.25513216853141785
9,0.4971170813790147,0.09965484240982389,0.017969737225231132,0.017969737225231132,0.032920558596623434,4.793039695068936,0.08920676427779023,0.0542027069613481,0.03570157317864369,1.6663193702697754,0.9102159142494202,0.30349400639533997,1.0,0.04992513358592987,0.2190944105386734,0.5267536640167236
10,1.3200035632966218,0.1423161217236961,0.013133892387349199,0.013133892387349199,0.024061290853623733,3.865331377328374,0.058323632720079316,0.14929701203527357,0.02599837867037494,2.835700035095215,0.6107640266418457,0.1771407276391983,0.8536046147346497,0.053938671946525574,0.11003362387418747,0.3308925926685333
11,2.0328408565223826,0.18619636723445818,0.03955864199370873,0.03955864199370873,0.0724714321324744,4.525043533529647,0.04306415378854762,0.04389011344257433,0.03445383755217853,2.7564940452575684,0.6358310580253601,0.18562641739845276,0.9885678887367249,0.04646792262792587,0.17190606892108917,0.31192952394485474
12,4.678160097910777,0.21534434124026333,0.09655518367643524,0.09655518367643524,0.17688909649522938,1.8506404035131565,0.05969745953572354,0.2911803775215117,0.01613309702104909,2.1873831748962402,0.6614748239517212,0.24333743751049042,0.9558016657829285,0.0466570146381855,0.18788623809814453,0.5115022659301758
13,1.1426247929169036,0.16705508313953346,0.016856871866870723,0.016856871866870723,0.030881789260107168,4.31630722789753,0.04734730646321213,0.21231812926721952,0.025385690417714123,2.3794236183166504,0.721500039100647,0.2136516273021698,0.7457488179206848,0.058082349598407745,0.28172168135643005,0.482991099357605
14,0.26290656739304974,0.09974757190545397,0.0027428849353230257,0.0027428849353230257,0.005024965201511783,4.475666763843591,0.04859872339490729,0.24227752331943941,0.006239992869880865,2.0249521732330322,0.6659784317016602,0.25193312764167786,0.9176462292671204,0.082870252430439,0.3533884882926941,0.5548392534255981
15,2.612605359558705,0.21019511329214743,0.14369763412328176,0.14369763412328176,0.2632540657138522,2.175936092240053,0.03103072252233815,0.04637079279834763,0.01858721315075513,1.9469413757324219,0.9339548349380493,0.2958684265613556,0.986270546913147,0.029999999329447746,0.19157731533050537,0.39583513140678406
16,0.4730927783413339,0.12405364610404492,0.011905967386004053,0.011905967386004053,0.021811732251159427,4.741385100229701,0.09252613550166548,0.13811719521622384,0.039666929009884,2.1908817291259766,0.6444481015205383,0.23137851059436798,0.9981605410575867,0.09227464348077774,0.26530030369758606,0.5238758325576782
17,0.5914066000670922,0.11584431444069512,0.0031146195554152367,0.0031146195554152367,0.0057059830255207136,3.1581012010175593,0.06986854438127177,0.14738726843423522,0.02099529682285372,3.0497777462005615,0.7601671814918518,0.17244073748588562,0.7817015051841736,0.03404196351766586,0.13097675144672394,0.2766382396221161
18,3.0105654901031804,0.22085198892346486,0.013185495759043143,0.013185495759043143,0.02415582823056704,1.6495421272214497,0.06688856306734224,0.14867729065069574,0.019236297468081847,2.5830533504486084,0.7753473520278931,0.1945517212152481,0.9995328783988953,0.030006831511855125,0.16635708510875702,0.2661149799823761
19,0.9519235719359579,0.12990372207742995,0.006505312277763301,0.006505312277763301,0.011917732092862367,2.4385361594007153,0.08276215298634149,0.04183244289566227,0.02673669883834973,3.7799251079559326,0.6305356025695801,0.13278347253799438,0.6915115118026733,0.03361712768673897,0.10514464974403381,0.22979705035686493
20,2.042190786749777,0.1735211512751317,0.023373695872341574,0.023373695872341574,0.04282061083812976,1.6428760127912851,0.039759718903582604,0.17862283016602754,0.007683837203391254,2.3399994373321533,0.766086220741272,0.21740223467350006,0.9224309921264648,0.03141898289322853,0.41466960310935974,0.3352872133255005
21,1.8907159374915374,0.1910305756114166,0.007485034640253342,0.007485034640253342,0.013712583460944124,1.647167016087544,0.08440858571605053,0.054958465647565194,0.033074119200690484,2.5826621055603027,0.639721691608429,0.1962345987558365,0.7928739786148071,0.030352182686328888,0.14878810942173004,0.2972530126571655
22,2.9040836583653196,0.2250627753290868,0.044047462714036305,0.044047462714036305,0.08069495169211452,2.6868686967899755,0.07390603338533266,0.22371640141294968,0.009200983937527602,2.361142158508301,0.635229229927063,0.21837879717350006,0.9977483749389648,0.05097384750843048,0.19308730959892273,0.4052436351776123
23,0.9630954695859676,0.13869545538681805,0.008908253515919295,0.008908253515919295,0.01631992044116415,3.4655741344586026,0.07582643700723235,0.2936041971585982,0.01121708806517404,2.2261929512023926,0.6699263453483582,0.2256612330675125,0.9927950501441956,0.058571264147758484,0.4600536823272705,0.4808022975921631
24,1.0830695002012547,0.16104554279145245,0.009549399356250255,0.009549399356250255,0.01749449962065047,4.102175440935443,0.0733688696055049,0.2946260190209684,0.0122013198986805,2.4145429134368896,0.6776841282844543,0.20820540189743042,0.9778151512145996,0.054036401212215424,0.20656818151474,0.4246726632118225
25,0.8868975626695887,0.16647628469977588,0.006012344883055894,0.006012344883055894,0.0110146158257584,2.8819518777102386,0.048055537480555514,0.16210524396454218,0.012314388339831901,3.0717132091522217,0.6682305335998535,0.17335756123065948,0.9757712483406067,0.035372767597436905,0.2669738531112671,0.2841185927391052
26,2.4048213648087144,0.190264344687954,0.018103325576595143,0.018103325576595143,0.033165292456322305,2.2371433925295663,0.08030722308253754,0.045445037290846084,0.025553443501619033,3.4804725646972656,0.6899253726005554,0.14431488513946533,0.6852692365646362,0.03098345175385475,0.10201068967580795,0.2317827343940735
27,2.4520811807948704,0.20866341595504556,0.09958220534012421,0.09958220534012421,0.18243460018310756,4.125592197777376,0.07968219717169615,0.17595514204581703,0.010252668723639318,1.730133056640625,0.8282331228256226,0.2975018620491028,0.9613069891929626,0.07653152942657471,0.4073697328567505,0.7855863571166992
28,2.7850459675373647,0.19618669813155454,0.026414728920669307,0.026414728920669307,0.04839178338266617,4.053549651027999,0.03957454737126081,0.17393821859309053,0.048656916387582315,3.236487865447998,0.6192775964736938,0.15665361285209656,0.5311651825904846,0.05082597956061363,0.1300697922706604,0.3056144118309021
29,0.2652542105645455,0.08709116582369629,0.0031598630193387144,0.0031598630193387144,0.005788869051428525,4.457376107404787,0.04904921184833956,0.29887530839488097,0.017739479416258332,1.8729355335235596,0.7817417979240417,0.28088343143463135,0.9342546463012695,0.09507916867733002,0.11525087058544159,0.6751316785812378
30,4.257484384333635,0.23424997463932132,0.036032845357170815,0.036032845357170815,0.06601217269433693,3.097289208020914,0.09787017019828853,0.20387882849710298,0.020718079745541906,3.191490650177002,0.6524749994277954,0.15937985479831696,0.5466380715370178,0.04113585874438286,0.11969317495822906,0.2899448871612549
31,0.0634710957823204,0.058650586433035425,0.00011040384671414208,0.00011040384671414208,0.00020225984718030832,2.3199190912769154,0.09627742510352588,0.2653183440457282,0.030219194401175858,3.113563299179077,0.647795557975769,0.16237309575080872,0.7710281014442444,0.031722292304039,0.1157236099243164,0.25900793075561523
32,3.247880846975626,0.2218345056155778,0.025542507071142206,0.025542507071142206,0.04679387295433252,1.688188885960559,0.09710657980247377,0.06321947387381865,0.049864434453200344,2.3701658248901367,0.7439826726913452,0.21750210225582123,0.9950410723686218,0.03315539285540581,0.14187660813331604,0.31638821959495544
33,1.9335232836431446,0.1507459761288164,0.06585668564810647,0.06585668564810647,0.12064944810733105,4.689652515150129,0.08111255697347619,0.10353501504569992,0.028231564831918812,2.1152572631835938,0.6620416045188904,0.24389085173606873,0.8072850704193115,0.08486723899841309,0.1949131041765213,0.5576149225234985
34,0.05312113160712085,0.06540283507754444,0.0005558000904049361,0.0005558000904049361,0.001018225765621843,2.186452621287426,0.07637429052072131,0.2630091348260261,0.013793302514162307,1.9865349531173706,0.6873461604118347,0.25586527585983276,0.9990639090538025,0.060657840222120285,0.14868056774139404,0.4702101945877075
35,0.23976584908514556,0.11417731462447342,0.0023699680857375512,0.0023699680857375512,0.004341781533071194,4.844541203059595,0.08753427337205757,0.12715829635669937,0.027860783626690405,2.6237494945526123,0.6142006516456604,0.19547870755195618,0.7256408333778381,0.049036551266908646,0.14792437851428986,0.33244648575782776
36,0.07897324718185347,0.06959000517430855,0.00037292470868391137,0.00037292470868391137,0.0006831980663089257,3.317452880152237,0.06197618212607092,0.184995015751178,0.034840528695484374,2.702620506286621,0.601508617401123,0.18621322512626648,0.83587646484375,0.06133502721786499,0.1020430251955986,0.3273366391658783
37,1.2443818816335523,0.17637045807650395,0.04581783070706463,0.04581783070706463,0.0839382658553424,4.033508000195836,0.059326144265595654,0.08653922061792133,0.011784826213926755,1.976792573928833,0.6713945865631104,0.25914451479911804,1.0,0.07156333327293396,0.24573639035224915,0.5371190309524536
38,2.82912095254291,0.18947039670222648,0.08591831526593044,0.08591831526593044,0.15740235356718457,3.3051469465985477,0.07752994654772206,0.09360352922233484,0.03335198854948414,2.4855003356933594,0.6093828082084656,0.20629248023033142,0.9007381796836853,0.052113670855760574,0.12097428739070892,0.39401739835739136
39,0.204577302963908,0.08436127341043921,0.003114550267060428,0.003114550267060428,0.005705856089254704,3.6087290128434724,0.0536847407316509,0.2680100524952352,0.049028647378023364,1.5737539529800415,0.8359180688858032,0.3199410140514374,0.9572580456733704,0.10381540656089783,0.41105183959007263,0.8632868528366089
40,2.604121694417532,0.18829823078166932,0.02384540922295565,0.02384540922295565,0.04368478969645475,3.078199828670522,0.05824160004156254,0.1903526477933787,0.02615362403030125,2.9336774349212646,0.756854236125946,0.1744961142539978,0.842106819152832,0.04509212076663971,0.11158442497253418,0.31618744134902954
41,2.1210296403625097,0.2188709010846532,0.020289617210735196,0.020289617210735196,0.03717057873006688,2.593178234632478,0.09428861595874836,0.2186517627940371,0.03345370052625534,2.831115484237671,0.739525318145752,0.18069393932819366,0.8604400753974915,0.0354946032166481,0.12209036946296692,0.28884583711624146
42,4.7721390681775375,0.24573340045393713,0.07581188066760652,0.07581188066760652,0.13888736538305516,4.744173242674452,0.03747455222905634,0.09697776609265708,0.04075078540309602,2.834527015686035,0.7010799050331116,0.1808808296918869,0.9449657201766968,0.0444183275103569,0.12744860351085663,0.29146847128868103
43,4.863454503641016,0.243991732670206,0.10539762534911556,0.10539762534911556,0.19308844963957972,4.524907647646218,0.04698517943415614,0.1360484450619749,0.018291108526300663,2.376166820526123,0.7175233364105225,0.21739354729652405,0.9877194166183472,0.06069285422563553,0.17692038416862488,0.4068189859390259
44,1.4886480832902,0.17823148429470828,0.01238843670901409,0.01238843670901409,0.022695616050913813,1.9804015505842294,0.08399178244346274,0.04360693768252649,0.03553727855434903,3.0101215839385986,0.7418505549430847,0.17761234939098358,0.6899464130401611,0.0307893306016922,0.11062110960483551,0.24543842673301697
45,0.4664071246961863,0.12458256804944148,0.0020397836696942747,0.0020397836696942747,0.0037368836828799113,2.3987965308354244,0.0873879094805561,0.2360212262863803,0.02948396547518518,3.1344525814056396,0.670150876045227,0.16179761290550232,0.46224483847618103,0.0309937484562397,0.10368739068508148,0.26088958978652954
46,1.0731490932660883,0.14622134939571352,0.021190122147552573,0.021190122147552573,0.03882030377431631,2.304826185200147,0.030029783162031826,0.05718179785432295,0.01612614432173253,2.7396204471588135,0.6034646034240723,0.1877249926328659,0.7440625429153442,0.03334358334541321,0.15859493613243103,0.3111620545387268
47,0.3798149488539316,0.1111157133817972,0.004287451369146421,0.004287451369146421,0.007854610908276244,2.229815637734564,0.09573083710661978,0.050836526953986695,0.03686110501927867,3.0475640296936035,0.6963387727737427,0.17355464398860931,0.9459869265556335,0.044534504413604736,0.10895159840583801,0.3133636713027954
48,2.68679222746987,0.2317387026399239,0.07135581809591517,0.07135581809591517,0.13072385875171658,4.812697296947638,0.07763375302117825,0.22002223564752627,0.01617152700831568,2.251051425933838,0.6051456332206726,0.22311224043369293,0.976324737071991,0.08952143788337708,0.23351670801639557,0.5028505325317383
49,3.8913623894857094,0.21300500437164505,0.06747359407846026,0.06747359407846026,0.12361162435173921,1.846538114563089,0.07218873595883799,0.2928353588632442,0.022363657870818923,2.0603187084198,0.7536084055900574,0.24279770255088806,0.9826793074607849,0.048592858016490936,0.34310048818588257,0.45947039127349854
50,0.45430849950874885,0.10374889988755982,0.0034452948871032344,0.0034452948871032344,0.006311780233173126,4.601500567025139,0.07425647233292057,0.26985824260195374,0.01646202157302253,2.401190996170044,0.6749610900878906,0.21792061626911163,0.8529491424560547,0.059557151049375534,0.21039308607578278,0.4430959224700928
51,1.0899992202827975,0.13798618074092567,0.006722603664731867,0.006722603664731867,0.012315809913788781,1.5060529911895,0.09417928191721862,0.2767218316117467,0.020581819287162795,2.216784954071045,0.6807088851928711,0.2372564673423767,0.9881748557090759,0.03400512412190437,0.4696347117424011,0.3830406069755554
52,0.1574938118792896,0.08618725270831996,0.001444761220023865,0.001444761220023865,0.0026468025550837205,4.754063737695066,0.08296117777113579,0.20159313214344127,0.009434665591342824,2.248495101928711,0.6240749955177307,0.22434058785438538,0.9693453311920166,0.0683489590883255,0.2302154004573822,0.4423195719718933
53,1.1968069209922159,0.15612437607195473,0.005859948626212131,0.005859948626212131,0.010735425883220625,1.6986824409794716,0.09211461005221627,0.11039846156762796,0.02210000271066076,2.227555274963379,0.8141456246376038,0.2287164181470871,0.9933145642280579,0.03446868807077408,0.13409236073493958,0.2824774980545044
54,0.191170633529513,0.09219350946394209,0.003238249809751118,0.003238249809751118,0.005932473651464048,3.0241472317180724,0.07556571475869925,0.12305782964575164,0.03901232402583635,2.278883695602417,0.7396059632301331,0.22549350559711456,0.8572992086410522,0.0531926304101944,0.10349598526954651,0.44536519050598145
55,1.715620763697522,0.19271376620544456,0.019614446645814475,0.019614446645814475,0.03593366625513212,3.84004947121956,0.08662761568794357,0.17441334200024303,0.01635717634176052,2.7578344345092773,0.773615837097168,0.1885693073272705,0.870400071144104,0.04253789782524109,0.1608808934688568,0.35834604501724243
56,0.08531330036357647,0.0643412996584924,0.0012471389570771394,0.0012471389570771394,0.0022847585693653197,3.4645497415704676,0.09597066633272758,0.20570191859050466,0.020673761831828712,2.0491037368774414,0.6543087363243103,0.24605229496955872,0.9178518056869507,0.08178599923849106,0.12817956507205963,0.5720456838607788
57,1.1536787057981928,0.14046773579800328,0.0036567346757012116,0.0036567346757012116,0.00669913792588462,1.5383596048950485,0.05286727493189382,0.12496965051677895,0.010294512612156458,2.442431926727295,0.721613347530365,0.20942460000514984,0.883755087852478,0.03348514437675476,0.2025698870420456,0.2921696901321411
58,1.604087923892221,0.19505434917578235,0.020764638470328008,0.020764638470328008,0.03804081767764091,2.6384892401190383,0.08621742666301899,0.1575512682840208,0.008648414870762032,2.6729066371917725,0.6811231970787048,0.18790937960147858,0.916845977306366,0.03452562540769577,0.21351675689220428,0.31890496611595154
59,2.796911101485074,0.2475980195786703,0.04187151977061089,0.04187151977061089,0.07670862421975916,2.071181034657026,0.06408534307828503,0.2177727457797104,0.022074950662085435,2.696058511734009,0.6444889307022095,0.1881054937839508,0.9878600239753723,0.03996408358216286,0.3948826193809509,0.3632790446281433
60,0.1047174538512341,0.08338559042045551,0.00024792407707821323,0.00024792407707821323,0.00045419690920728663,1.7773056445634177,0.04814468378076604,0.1915635410828114,0.008079378169549343,2.5757102966308594,0.9277281165122986,0.1987762600183487,0.9893186092376709,0.029999999329447746,0.2509525418281555,0.24588704109191895
61,0.6656885206078178,0.14035266501613344,0.012687383367571092,0.012687383367571092,0.02324328632939024,1.7209340921524805,0.05792609875882157,0.26064947532645544,0.03235061548599509,2.0938940048217773,0.7643839120864868,0.2654365301132202,0.975695013999939,0.03709406778216362,0.2736820876598358,0.5197659730911255
62,0.46151528104403106,0.12709807388694996,0.015054699943471,0.015054699943471,0.027580210296438874,3.9095391710777943,0.09616069543760834,0.2060274731565459,0.037682377984184244,1.8210350275039673,0.6445848941802979,0.27748098969459534,0.9890817403793335,0.11317169666290283,0.33717861771583557,0.7490251064300537
63,1.149879490533924,0.20531084017404633,0.04194627339784321,0.04194627339784321,0.07684557286484876,4.305676089035238,0.0630208241820549,0.10338141046580798,0.01872118072165251,1.9484279155731201,0.7483503222465515,0.2620861530303955,0.9038530588150024,0.08436975628137589,0.27521905303001404,0.5207455158233643
64,4.167715982822283,0.2534357641020922,0.02855747303517624,0.02855747303517624,0.05231729060044287,2.051828396512991,0.07684055275190116,0.03255229530525068,0.03027314086327409,3.4031758308410645,0.6421600580215454,0.1472378522157669,0.9502648115158081,0.029999999329447746,0.23390772938728333,0.23583273589611053
65,0.6933621967999609,0.15822508636718446,0.008885018411320084,0.008885018411320084,0.016277353729538393,3.179339337929846,0.09395235532445968,0.23580963586895903,0.024031117303758332,2.475287914276123,0.6482986211776733,0.20334799587726593,0.6925058960914612,0.0631098672747612,0.18714600801467896,0.41778871417045593
66,0.7050054385754132,0.118763546194679,0.002218616855364435,0.002218616855364435,0.004064506079027645,2.1760937352764937,0.09925277112944998,0.03592762797331327,0.014605159099815444,3.077380657196045,0.722942590713501,0.16822630167007446,0.784890353679657,0.03019889071583748,0.15009666979312897,0.23049065470695496
67,0.8198776244661321,0.13022992945581158,0.010770257632634742,0.010770257632634742,0.019731111982986847,4.64210236691352,0.055813376987470895,0.26883729102347453,0.045982885210287656,2.1681156158447266,0.7549372315406799,0.23470275104045868,0.9623622298240662,0.08086727559566498,0.10000000149011612,0.5230100154876709
68,4.976870248448876,0.3064714794845984,0.050634577207437866,0.050634577207437866,0.09276254544402618,1.873884282447385,0.04497494662355433,0.2650898342069662,0.01765565261246756,3.019785165786743,0.659931480884552,0.1709168553352356,0.9743896722793579,0.037881311029195786,0.16654306650161743,0.31564199924468994
69,0.29336155241453465,0.09993230919859046,0.0010839208124145735,0.0010839208124145735,0.001985742928343499,2.306345966446796,0.049711204243776744,0.2828713612465813,0.040881812244947406,3.0774435997009277,0.6438465714454651,0.16426703333854675,0.6579198241233826,0.04142433777451515,0.12343237549066544,0.31279242038726807
70,3.1142458485483226,0.2230862904518279,0.09024695531780923,0.09024695531780923,0.16533242214222652,3.991467111008117,0.062178993429781476,0.2762851027383986,0.01790696421611666,1.9456853866577148,0.6682797074317932,0.257739394903183,0.998508095741272,0.07530566304922104,0.3893236517906189,0.705711305141449
71,4.598169147407624,0.22472264099608183,0.028634098788443082,0.028634098788443082,0.05245766898042773,2.221868073899761,0.06221950874917714,0.10757452757476633,0.005422844632360894,2.6277194023132324,0.6293735504150391,0.19970063865184784,0.8865683674812317,0.029999999329447746,0.10019849985837936,0.2626786231994629
72,0.21645663390957393,0.1095034283638076,0.001051184554945311,0.001051184554945311,0.0019257701046598097,2.6722172310336614,0.06720147652215579,0.14216294799346807,0.040323065559844926,2.9777214527130127,0.7344605922698975,0.1734803020954132,0.9968047738075256,0.03820313140749931,0.20488736033439636,0.2817155122756958
73,1.4836658207019795,0.17976464269984457,0.07699199348920258,0.07699199348920258,0.14104933207221912,3.3950212194982825,0.05121675870610677,0.13582359534842434,0.04236216470679106,1.6772459745407104,0.6790303587913513,0.3004189133644104,0.9431038498878479,0.10475543141365051,0.2507860064506531,0.7621897459030151
74,0.02740936673145106,0.040463548219518176,4.814956426236717e-05,4.814956426236717e-05,8.821000172865666e-05,3.2005039847933334,0.04763066621628496,0.08935931932912253,0.023665942384634056,3.136481761932373,0.6938832402229309,0.16567069292068481,0.9971829652786255,0.033377472311258316,0.10205747187137604,0.22966721653938293
75,0.0628184141297456,0.0668685511934899,0.00020067775738545762,0.00020067775738545762,0.00036764165153015837,3.4150502053679985,0.03802677456597414,0.10441300007618529,0.018857028898451762,3.400052309036255,0.7236331105232239,0.15863944590091705,0.5487678647041321,0.032389651983976364,0.13171491026878357,0.2486291378736496
76,0.04220918556824969,0.048132428671648096,0.00041805112548617946,0.00041805112548617946,0.0007658696618906808,3.945266856619914,0.08122279762386016,0.05327502686553126,0.045487212408109476,2.8341476917266846,0.667026162147522,0.1938253492116928,0.5513103008270264,0.04549857974052429,0.10607790946960449,0.32921990752220154
77,1.3864278829920957,0.16099221663443086,0.005488595555687786,0.005488595555687786,0.010055107058020025,2.0613756710692988,0.06071366989274796,0.21106946609727809,0.03968746295510452,2.8328094482421875,0.7574484944343567,0.18436495959758759,0.7104369401931763,0.03171073645353317,0.1190486028790474,0.2669530212879181
78,0.8071281022374817,0.13797931591231488,0.009614039489987661,0.009614039489987661,0.017612920345657396,3.2430019962484846,0.06912683941775569,0.14775524640417745,0.042675271246478734,2.762240171432495,0.6228989958763123,0.18277820944786072,0.9181981682777405,0.05019346997141838,0.19069966673851013,0.3700830936431885
79,3.8305080731859067,0.23024645025196025,0.11905054282549046,0.11905054282549046,0.21810059445629854,4.2147582340119465,0.06032397157272763,0.0464796384158877,0.015269420721611068,2.6779370307922363,0.6156750917434692,0.1918565183877945,0.9662766456604004,0.031921789050102234,0.2553815543651581,0.29900553822517395
80,3.3745117339505986,0.23005255513008327,0.01783167296219096,0.01783167296219096,0.03266762486673384,1.6219575164590296,0.08289281480073382,0.06189033402935415,0.01294163591030947,2.4797072410583496,0.7194468379020691,0.2045840322971344,0.9178261756896973,0.029999999329447746,0.23168504238128662,0.27674996852874756
81,0.03101313736852784,0.04468162754696804,7.898618517412033e-05,7.898618517412033e-05,0.00014470269123898846,2.2562763593967574,0.09715914704529799,0.2567862154237688,0.02055790683131504,2.5183422565460205,0.9148145318031311,0.21003761887550354,0.9668614268302917,0.04148469120264053,0.24147672951221466,0.29319673776626587
82,0.026220232084338352,0.04688282944985061,5.073340210683859e-05,5.073340210683859e-05,9.294359265972831e-05,2.230369664880963,0.03304693627035269,0.1394258524797311,0.02256971535209258,3.6259286403656006,0.6270229816436768,0.1410961151123047,0.848321259021759,0.03158535808324814,0.14926835894584656,0.23603633046150208
83,0.07274980750419509,0.07035949485869954,0.0006518060844947968,0.0006518060844947968,0.0011941087467944678,2.5575613651949958,0.030113788448818173,0.13480908971396188,0.015644269852119367,2.472337007522583,0.626369833946228,0.209794282913208,0.7137511372566223,0.058941107243299484,0.11195701360702515,0.3662883937358856
84,1.9774223686869765,0.20588216087955805,0.01894053405114057,0.01894053405114057,0.034699058381689525,2.2030904446692814,0.08252611480122904,0.04122694761751166,0.03148354991364131,3.1627402305603027,0.7672159671783447,0.1623658537864685,0.7302553653717041,0.039088308811187744,0.18707987666130066,0.23041531443595886
85,0.18381422551499305,0.08908567285800961,0.0004963501277902348,0.0004963501277902348,0.0009093134341117101,2.6042483448692884,0.055164922012689244,0.2608592342320317,0.04205947274881297,3.2471823692321777,0.6681566834449768,0.1569238156080246,0.6089831590652466,0.04601261764764786,0.11378391832113266,0.282204806804657
86,3.5608011035753138,0.21944476005463864,0.21930839601585628,0.21930839601585628,0.40177298150104873,2.052089293795436,0.07927277670283592,0.21637312797167704,0.019238044402914732,1.8495985269546509,0.7041307687759399,0.3074456751346588,1.0,0.04773927479982376,0.33864349126815796,0.7014093399047852
87,4.146297836382816,0.2456338837986944,0.0383090046181346,0.0383090046181346,0.07018209646042259,2.3152554756203716,0.05520623187493107,0.18851346489160253,0.04470606688158815,3.1126279830932617,0.7643042802810669,0.16364018619060516,0.5985527038574219,0.03307781368494034,0.11000659316778183,0.28114426136016846
88,2.756332754817843,0.18569470356831635,0.06431547532325076,0.06431547532325076,0.11782595079219539,3.4398291396817218,0.06848786679671226,0.25127321367359146,0.031112744943054955,2.1231000423431396,0.6564732789993286,0.25002187490463257,0.9435461759567261,0.07618969678878784,0.1493554413318634,0.5950369834899902
89,0.3037627067120115,0.10892685147682876,0.004672034292790936,0.004672034292790936,0.008559166824392995,4.358892757603743,0.03672727452263756,0.23480455892462304,0.01227368134986322,1.785062551498413,0.8379806876182556,0.29931706190109253,0.9393448233604431,0.08217531442642212,0.23332862555980682,0.6955312490463257
90,1.516964798754323,0.17677604854454748,0.014503998140364339,0.014503998140364339,0.02657132459314747,3.1182178970678804,0.0993871090617765,0.21600547940213463,0.027850335576853933,2.6170778274536133,0.8603023886680603,0.19435027241706848,0.759602963924408,0.040413204580545425,0.11093229055404663,0.35102158784866333
91,0.9355716911117196,0.16861431217587056,0.008523592224209944,0.008523592224209944,0.015615220954752618,3.8875032736533544,0.07473897302047666,0.04374281719823282,0.005550351250664845,2.7316842079162598,0.6504508256912231,0.18547216057777405,0.756094217300415,0.03005020134150982,0.18499380350112915,0.2590522766113281
92,0.05479026284208065,0.07095593782836579,0.00024530106509748926,0.00024530106509748926,0.00044939155125860034,1.7867841758479128,0.07838795978452825,0.14760748509808586,0.047945102029497866,2.735140085220337,0.8309045433998108,0.22465412318706512,0.7297477126121521,0.030200650915503502,0.12859287858009338,0.31907111406326294
93,2.493370477308009,0.2095031341842523,0.05335220023215,0.05335220023215,0.09774123082529881,4.593938356200793,0.0336851443052502,0.29790357096765707,0.03175334287830179,2.0843772888183594,0.6369302868843079,0.249233216047287,0.9672262668609619,0.08180940896272659,0.3299880027770996,0.5906623601913452
94,1.8514974339321635,0.1800537522259838,0.015403775803635531,0.015403775803635531,0.028219717272260293,3.8221664240766673,0.06841041126322758,0.15275625015158242,0.02384577623690913,3.0721447467803955,0.6714800596237183,0.16524848341941833,0.8136408925056458,0.044353071600198746,0.12220476567745209,0.28146350383758545
95,4.089881091598485,0.21957713658604358,0.10740295512391955,0.10740295512391955,0.19676221378702063,3.519842348181285,0.046613308874995374,0.27647721970589656,0.04440585937232698,2.0286285877227783,0.7928168773651123,0.26116517186164856,0.9790607690811157,0.0829208642244339,0.1567615419626236,0.6495237350463867
96,0.1322877352732509,0.07896620752343952,0.0009167763100738598,0.0009167763100738598,0.0016795342000553112,3.230129007556456,0.09261734539207479,0.15472565327343593,0.007261609837502866,2.832855701446533,0.6305559277534485,0.18453434109687805,0.9260889887809753,0.04715240001678467,0.15615586936473846,0.3181976079940796
97,0.02656494051590147,0.047951013941829365,0.00010392577348629432,0.00010392577348629432,0.0001903920170268912,3.741261050156097,0.061315345272608304,0.2982782752440971,0.03590459519707949,2.5719692707061768,0.6516473889350891,0.21525825560092926,0.9549241662025452,0.06307291239500046,0.10000000149011612,0.3339880108833313
98,2.890860600554566,0.19783198686936454,0.05602684871372471,0.05602684871372471,0.10264118684354367,3.3782857790639955,0.08996671650190091,0.2863709658443597,0.007458389547505024,1.9405550956726074,0.6967905163764954,0.25907063484191895,0.9994137287139893,0.06860098987817764,0.4493792951107025,0.6085247993469238
99,2.650905505990053,0.1918755287177818,0.0699584038906148,0.0699584038906148,0.12816379592760632,3.7697550743897486,0.05620179429239991,0.2102286841396828,0.010323016542932214,1.6735390424728394,0.8967794179916382,0.3054458796977997,0.7773396372795105,0.07859663665294647,0.48447635769844055,0.7573983669281006
100,1.0110879380804942,0.1478547420423459,0.011154895005584314,0.011154895005584314,0.020435767650230464,4.975628185732277,0.045393329533405295,0.21340807527457306,0.03216737502050001,2.514296531677246,0.6130928993225098,0.20797139406204224,0.9931070804595947,0.0562472864985466,0.17705678939819336,0.4161672294139862
101,2.3772138387335824,0.18986858870314247,0.03747528262028375,0.03747528262028375,0.06865471776035982,3.0026581329526936,0.0596098345698189,0.18838917323981244,0.022756463390483584,2.6065266132354736,0.6357479691505432,0.19747433066368103,0.8752978444099426,0.05383062735199928,0.15335845947265625,0.4016653001308441
102,4.849125895469694,0.25167262350997166,0.07674498600062882,0.07674498600062882,0.140596814353152,3.644354349896741,0.06261914280347822,0.20399757727856008,0.02669977345564284,2.5630977153778076,0.6760099530220032,0.19980232417583466,0.7075598239898682,0.051742203533649445,0.19337093830108643,0.3864508867263794
103,4.267364300744948,0.23616101610606474,0.03866220192017651,0.03866220192017651,0.07082915391776337,3.2387520323701167,0.05070729959358608,0.12906725995568125,0.02698083356875287,3.471311092376709,0.6489512920379639,0.14705690741539001,0.6721591353416443,0.03160110116004944,0.18758907914161682,0.2635665535926819
104,4.694179232706815,0.24164830275074908,0.19479440763902134,0.19479440763902134,0.3568633547946871,4.187216949844913,0.05921901574480057,0.13998770388216747,0.022461984038027672,1.9419852495193481,0.6614378094673157,0.2577725052833557,0.9856345653533936,0.08471321314573288,0.15798921883106232,0.5867195725440979
105,2.9676666625452226,0.18088886193030831,0.02882439388977713,0.02882439388977713,0.052806289606071706,3.862479915608386,0.08078963186167261,0.22346524013203403,0.04866800265687335,2.91561222076416,0.653408408164978,0.1753050833940506,0.7269001603126526,0.0469585657119751,0.1111549362540245,0.3526875674724579
106,2.2694148781152688,0.20192270985959823,0.02932618093284403,0.02932618093284403,0.05372556346897027,3.72432052374916,0.06673536538977642,0.2660407369331089,0.03328910709105895,2.3803954124450684,0.607679545879364,0.21118976175785065,0.6891366839408875,0.057945072650909424,0.15503674745559692,0.41093283891677856
107,0.6181557881323221,0.12919816961169953,0.004472327742002492,0.004472327742002492,0.008193304423348566,4.350920304034997,0.08096061992596215,0.22924876313560297,0.018581342558061154,2.9255075454711914,0.6037781834602356,0.17102350294589996,0.7879608273506165,0.05933820828795433,0.11795792728662491,0.3512896001338959
108,0.5166094757289901,0.12919283405488585,0.020279895403022784,0.020279895403022784,0.037152768378337746,3.5124421943628636,0.05352830919841657,0.044231126028843167,0.0334385256639155,1.9083679914474487,0.7197986841201782,0.2735450863838196,0.8777687549591064,0.04099727049469948,0.3122105896472931,0.4733050465583801
109,1.3369149910894678,0.16206925350805837,0.010869025103632947,0.010869025103632947,0.01991205398985556,3.151025180232725,0.031359737814910416,0.26107791720008305,0.02357095459359889,2.551682233810425,0.6702698469161987,0.19674405455589294,0.9170587062835693,0.0548727810382843,0.11142075061798096,0.3783613443374634
110,2.219953556847805,0.2025648887732493,0.025116656168526656,0.025116656168526656,0.046013714100740837,4.076634365443175,0.06942395952408409,0.14785017513457807,0.02135692200281957,2.968477487564087,0.60932457447052,0.17474690079689026,0.9902838468551636,0.04499635845422745,0.11094976216554642,0.30993905663490295
111,2.56108972053,0.2007706072755493,0.07136766160669185,0.07136766160669185,0.13074555606345947,1.5918847416800401,0.08141371800858757,0.29431322011343664,0.035096009838621475,1.9192737340927124,0.8390524983406067,0.29181522130966187,0.7195308804512024,0.04087061062455177,0.29052814841270447,0.5317623615264893
112,0.21572624941395632,0.09377340517184614,0.001659167771007334,0.001659167771007334,0.0030395953564854358,4.972731982670879,0.09438572578857048,0.25697973489395975,0.04226901416414752,2.2760956287384033,0.6542823910713196,0.22416333854198456,0.9056997895240784,0.057582080364227295,0.18061856925487518,0.4691469371318817
113,4.661383342974792,0.24816970280940245,0.04291882809490075,0.04291882809490075,0.07862729306985819,1.8324644690028737,0.03510369721985601,0.041179632381531495,0.03566120823814173,3.6674914360046387,0.6687202453613281,0.15124180912971497,0.6370779275894165,0.03190820291638374,0.20001590251922607,0.2387288510799408
114,0.0948089294997729,0.07123352750029684,0.0004865410476150132,0.0004865410476150132,0.0008913431992307043,2.9678685666047135,0.09480645670484295,0.20839206166427504,0.036091814421962916,2.8623993396759033,0.6480363607406616,0.17789164185523987,0.429004043340683,0.04203519597649574,0.10832804441452026,0.31751784682273865
115,1.3241999860254507,0.15471529255933625,0.009784650292673319,0.009784650292673319,0.01792547933617752,3.3880112040649144,0.03075416726097079,0.05329882643559038,0.03461672693401943,3.486576557159424,0.6538310050964355,0.14652332663536072,0.9161747694015503,0.03215024620294571,0.1221260130405426,0.24715924263000488
